Workbook

Sheet Sales
A1: Month | B1: Region | C1: Product | D1: Units | E1: Price | F1: Revenue | G1: Date
A2: Jan | B2: North | C2: Notebook | D2: 45 | E2: 12.5 | F2: =D2*E2 -> 562.5 | G2: 46037
A3: Jan | B3: North | C3: Pen set | D3: 58 | E3: 8 | F3: =D3*E3 -> 464 | G3: 46037
A4: Jan | B4: North | C4: Desk lamp | D4: 71 | E4: 39 | F4: =D4*E4 -> 2769 | G4: 46037
A5: Jan | B5: South | C5: Notebook | D5: 45 | E5: 12.5 | F5: =D5*E5 -> 562.5 | G5: 46037
A6: Jan | B6: South | C6: Pen set | D6: 58 | E6: 8 | F6: =D6*E6 -> 464 | G6: 46037
A7: Jan | B7: South | C7: Desk lamp | D7: 71 | E7: 39 | F7: =D7*E7 -> 2769 | G7: 46037
A8: Jan | B8: East | C8: Notebook | D8: 40 | E8: 12.5 | F8: =D8*E8 -> 500 | G8: 46037
A9: Jan | B9: East | C9: Pen set | D9: 53 | E9: 8 | F9: =D9*E9 -> 424 | G9: 46037
A10: Jan | B10: East | C10: Desk lamp | D10: 66 | E10: 39 | F10: =D10*E10 -> 2574 | G10: 46037
A11: Jan | B11: West | C11: Notebook | D11: 40 | E11: 12.5 | F11: =D11*E11 -> 500 | G11: 46037
A12: Jan | B12: West | C12: Pen set | D12: 53 | E12: 8 | F12: =D12*E12 -> 424 | G12: 46037
A13: Jan | B13: West | C13: Desk lamp | D13: 66 | E13: 39 | F13: =D13*E13 -> 2574 | G13: 46037
... A73: Jun | B73: West | C73: Desk lamp | D73: 41 | E73: 39 | F73: =D73*E73 -> 1599 | G73: 46188

Sheet Summary
A1: Region | B1: Revenue | C1: Units | E1: Region | F1: Units
A2: North | B2: =SUMIFS(Sales!F:F,Sales!B:B,A2) -> 17950.5 | C2: =SUMIFS(Sales!D:D,Sales!B:B,A2) -> 939 | E2: =A2 -> North | F2: =C2 -> 939
A3: South | B3: =SUMIFS(Sales!F:F,Sales!B:B,A3) -> 17950.5 | C3: =SUMIFS(Sales!D:D,Sales!B:B,A3) -> 939 | E3: =A3 -> South | F3: =C3 -> 939
A4: East | B4: =SUMIFS(Sales!F:F,Sales!B:B,A4) -> 16915.5 | C4: =SUMIFS(Sales!D:D,Sales!B:B,A4) -> 909 | E4: =A4 -> East | F4: =C4 -> 909
A5: West | B5: =SUMIFS(Sales!F:F,Sales!B:B,A5) -> 16915.5 | C5: =SUMIFS(Sales!D:D,Sales!B:B,A5) -> 909 | E5: =A5 -> West | F5: =C5 -> 909
A6: Total | B6: =SUM(B2:B5) -> 69732 | C6: =SUM(C2:C5) -> 3696

Sheet _opensheets_meta
A1: {"version":1,"dashboards":[{"kind":"dashboard","id":"dmvqdh6qn2","name":"Overview","widgets":[{"type":"kpi","w":3,"h":2,"title":"Total revenue","kpi":{"formula":"=SUM(Sales!F:F)","fmt":"$#,##0"},"id":"wmvqdh6qn3","x":0,"y":0},{"type":"kpi","w":3,"h":2,"title":"Units sold","kpi":{"formula":"=SUM(Sales!D:D)","fmt":"#,##0"},"id":"wmvqdh6qn4","x":3,"y":0},{"type":"kpi","w":3,"h":2,"title":"Avg. price","kpi":{"formula":"=AVERAGE(Sales!E:E)","fmt":"$#,##0.00"},"id":"wmvqdh6qn5","x":6,"y":0},{"type":"kpi","w":3,"h":2,"title":"Best region","kpi":{"formula":"=INDEX(Summary!A2:A5,MATCH(MAX(Summary!B2:B5),Summary!B2:B5,0))"},"id":"wmvqdh6qn6","x":9,"y":0},{"type":"chart","w":7,"h":5,"title":"Revenue by region","chart":{"type":"column","range":"Summary!A1:B5","seriesBy":"columns","headers":true,"legend":false},"id":"wmvqdh6qn7","x":0,"y":2},{"type":"chart","w":5,"h":5,"title":"Units by region","chart":{"type":"doughnut","range":"Summary!E1:F5","seriesBy":"columns","headers":true,"legend":true},"id":"wmvqdh6qn8","x":7,"y":2},{"type":"table","w":12,"h":4,"title":"Summary","table":{"range":"Summary!A1:C6"},"id":"wmvqdh6qn9","x":0,"y":7}]}],"order":["Sales","Summary","Overview"],"cond":{},"tabColors":{}}
